accepted_count,coverage,accepted_accuracy,risk,confidence
1,0.0014641288433382138,1.0,0.0,0.9811426997184752
2,0.0029282576866764276,1.0,0.0,0.9804633259773254
3,0.004392386530014641,1.0,0.0,0.980432152748108
4,0.005856515373352855,1.0,0.0,0.979814350605011
5,0.007320644216691069,1.0,0.0,0.9795162081718444
6,0.008784773060029283,1.0,0.0,0.9794164896011353
7,0.010248901903367497,1.0,0.0,0.9792380928993224
8,0.01171303074670571,1.0,0.0,0.979219377040863
9,0.013177159590043924,1.0,0.0,0.9792004823684692
10,0.014641288433382138,1.0,0.0,0.979106903076172
11,0.016105417276720352,1.0,0.0,0.9790993332862854
12,0.017569546120058566,1.0,0.0,0.9790357947349548
13,0.01903367496339678,1.0,0.0,0.9790158271789552
14,0.020497803806734993,1.0,0.0,0.978974461555481
15,0.021961932650073207,1.0,0.0,0.9789392948150636
16,0.02342606149341142,1.0,0.0,0.978910744190216
17,0.024890190336749635,1.0,0.0,0.9788689017295836
18,0.02635431918008785,1.0,0.0,0.978570520877838
19,0.027818448023426062,1.0,0.0,0.9784408807754515
20,0.029282576866764276,1.0,0.0,0.9782292246818542
21,0.03074670571010249,1.0,0.0,0.9782189726829528
22,0.032210834553440704,1.0,0.0,0.9781910181045532
23,0.03367496339677892,1.0,0.0,0.977792501449585
24,0.03513909224011713,1.0,0.0,0.9776967763900756
25,0.036603221083455345,1.0,0.0,0.9772084951400756
26,0.03806734992679356,1.0,0.0,0.9771183729171752
27,0.03953147877013177,0.9629629629629629,0.03703703703703709,0.9769557118415833
28,0.040995607613469986,0.9642857142857143,0.0357142857142857,0.9769551753997804
29,0.0424597364568082,0.9655172413793104,0.03448275862068961,0.9767472147941588
30,0.043923865300146414,0.9666666666666667,0.033333333333333326,0.9764753580093384
31,0.04538799414348463,0.967741935483871,0.032258064516129004,0.976466715335846
32,0.04685212298682284,0.96875,0.03125,0.9764066338539124
33,0.048316251830161056,0.9696969696969697,0.030303030303030276,0.9760417342185974
34,0.04978038067349927,0.9705882352941176,0.02941176470588236,0.9758032560348512
35,0.05124450951683748,0.9714285714285714,0.02857142857142858,0.9758005738258362
36,0.0527086383601757,0.9722222222222222,0.02777777777777779,0.9756819605827332
37,0.05417276720351391,0.972972972972973,0.027027027027026973,0.9754811525344848
38,0.055636896046852125,0.9736842105263158,0.02631578947368418,0.97539222240448
39,0.05710102489019034,0.9743589743589743,0.02564102564102566,0.9753062129020692
40,0.05856515373352855,0.975,0.025000000000000022,0.9752946496009828
41,0.060029282576866766,0.975609756097561,0.024390243902439046,0.9752238392829896
42,0.06149341142020498,0.9761904761904762,0.023809523809523836,0.9751752018928528
43,0.0629575402635432,0.9767441860465116,0.023255813953488413,0.973962426185608
44,0.06442166910688141,0.9772727272727273,0.022727272727272707,0.9737640023231506
45,0.06588579795021962,0.9777777777777777,0.022222222222222254,0.9736977815628052
46,0.06734992679355783,0.9782608695652174,0.021739130434782594,0.9731062650680542
47,0.06881405563689605,0.9787234042553191,0.021276595744680882,0.9730253219604492
48,0.07027818448023426,0.9791666666666666,0.02083333333333337,0.9728427529335022
49,0.07174231332357248,0.9795918367346939,0.020408163265306145,0.9725733995437622
50,0.07320644216691069,0.98,0.020000000000000018,0.9722899198532104
51,0.0746705710102489,0.9803921568627451,0.019607843137254943,0.972203016281128
52,0.07613469985358712,0.9807692307692307,0.019230769230769273,0.9721661806106568
53,0.07759882869692533,0.9811320754716981,0.018867924528301883,0.9720485806465148
54,0.07906295754026355,0.9814814814814815,0.01851851851851849,0.9715813398361206
55,0.08052708638360176,0.9818181818181818,0.018181818181818188,0.971035897731781
56,0.08199121522693997,0.9821428571428571,0.017857142857142905,0.970995843410492
57,0.08345534407027819,0.9824561403508771,0.01754385964912286,0.9709926843643188
58,0.0849194729136164,0.9827586206896551,0.017241379310344862,0.9700685739517212
59,0.08638360175695461,0.9661016949152542,0.03389830508474578,0.9692797064781188
60,0.08784773060029283,0.9666666666666667,0.033333333333333326,0.9691135287284852
61,0.08931185944363104,0.9672131147540983,0.032786885245901676,0.9689733982086182
62,0.09077598828696926,0.967741935483871,0.032258064516129004,0.9685766696929932
63,0.09224011713030747,0.9682539682539683,0.031746031746031744,0.9682565927505492
64,0.09370424597364568,0.953125,0.046875,0.9670003056526184
65,0.0951683748169839,0.9538461538461539,0.0461538461538461,0.96639084815979
66,0.09663250366032211,0.9545454545454546,0.045454545454545414,0.9659374952316284
67,0.09809663250366032,0.9552238805970149,0.04477611940298509,0.9656112790107728
68,0.09956076134699854,0.9558823529411765,0.044117647058823484,0.9655718207359314
69,0.10102489019033675,0.9565217391304348,0.04347826086956519,0.964709997177124
70,0.10248901903367497,0.9571428571428572,0.042857142857142816,0.9646210670471193
71,0.10395314787701318,0.9577464788732394,0.04225352112676062,0.9641953110694884
72,0.1054172767203514,0.9444444444444444,0.05555555555555558,0.9641199111938475
73,0.10688140556368961,0.9452054794520548,0.0547945205479452,0.964101791381836
74,0.10834553440702782,0.9459459459459459,0.05405405405405406,0.9640982151031494
75,0.10980966325036604,0.9333333333333333,0.06666666666666665,0.9636707901954652
76,0.11127379209370425,0.9342105263157895,0.06578947368421051,0.963542640209198
77,0.11273792093704246,0.935064935064935,0.06493506493506496,0.9632093906402588
78,0.11420204978038068,0.9358974358974359,0.0641025641025641,0.9631576538085938
79,0.11566617862371889,0.9367088607594937,0.06329113924050633,0.9631279110908508
80,0.1171303074670571,0.925,0.07499999999999996,0.963124930858612
81,0.11859443631039532,0.9259259259259259,0.07407407407407407,0.9626580476760864
82,0.12005856515373353,0.926829268292683,0.07317073170731703,0.9623872637748718
83,0.12152269399707175,0.927710843373494,0.07228915662650603,0.9623490571975708
84,0.12298682284040996,0.9166666666666666,0.08333333333333337,0.9623480439186096
85,0.12445095168374817,0.9176470588235294,0.08235294117647063,0.962027668952942
86,0.1259150805270864,0.9186046511627907,0.08139534883720934,0.9619656801223756
87,0.1273792093704246,0.9195402298850575,0.08045977011494254,0.9619224071502686
88,0.12884333821376281,0.9204545454545454,0.07954545454545459,0.9615521430969238
89,0.13030746705710103,0.9213483146067416,0.0786516853932584,0.9613128304481506
90,0.13177159590043924,0.9111111111111111,0.0888888888888889,0.9606047868728638
91,0.13323572474377746,0.9120879120879121,0.08791208791208793,0.9603964686393738
92,0.13469985358711567,0.9021739130434783,0.09782608695652173,0.958693265914917
93,0.13616398243045388,0.9032258064516129,0.09677419354838712,0.9586281776428224
94,0.1376281112737921,0.9042553191489362,0.0957446808510638,0.9585716128349304
95,0.1390922401171303,0.9052631578947369,0.09473684210526312,0.9580866098403932
96,0.14055636896046853,0.90625,0.09375,0.9573116302490234
97,0.14202049780380674,0.9072164948453608,0.09278350515463918,0.9570179581642152
98,0.14348462664714495,0.8979591836734694,0.10204081632653061,0.9566854238510132
99,0.14494875549048317,0.8888888888888888,0.11111111111111116,0.9566595554351808
100,0.14641288433382138,0.88,0.12,0.95661723613739
101,0.1478770131771596,0.8811881188118812,0.1188118811881188,0.9562086462974548
102,0.1493411420204978,0.8725490196078431,0.12745098039215685,0.9554906487464904
103,0.15080527086383602,0.8640776699029126,0.13592233009708743,0.9553261399269104
104,0.15226939970717424,0.8557692307692307,0.14423076923076927,0.955309510231018
105,0.15373352855051245,0.8571428571428571,0.1428571428571429,0.9550843238830566
106,0.15519765739385066,0.8584905660377359,0.14150943396226412,0.9548635482788086
107,0.15666178623718888,0.8598130841121495,0.14018691588785048,0.9547014832496644
108,0.1581259150805271,0.8611111111111112,0.13888888888888884,0.954397678375244
109,0.1595900439238653,0.8532110091743119,0.14678899082568808,0.9537505507469176
110,0.16105417276720352,0.8545454545454545,0.1454545454545455,0.9536986351013184
111,0.16251830161054173,0.8468468468468469,0.15315315315315314,0.9536445140838624
112,0.16398243045387995,0.8482142857142857,0.1517857142857143,0.9535803198814392
113,0.16544655929721816,0.8495575221238938,0.1504424778761062,0.9527806639671326
114,0.16691068814055637,0.8421052631578947,0.1578947368421053,0.9526481628417968
115,0.1683748169838946,0.8434782608695652,0.15652173913043477,0.9523617625236512
116,0.1698389458272328,0.8448275862068966,0.15517241379310343,0.9521036148071288
117,0.17130307467057102,0.8461538461538461,0.15384615384615385,0.9507374167442322
118,0.17276720351390923,0.847457627118644,0.15254237288135597,0.9503642916679382
119,0.17423133235724744,0.8403361344537815,0.15966386554621848,0.9500427842140198
120,0.17569546120058566,0.8333333333333334,0.16666666666666663,0.9498838782310486
121,0.17715959004392387,0.8347107438016529,0.1652892561983471,0.9497331380844116
122,0.17862371888726208,0.8278688524590164,0.17213114754098358,0.949489414691925
123,0.1800878477306003,0.8211382113821138,0.17886178861788615,0.9488937854766846
124,0.1815519765739385,0.8225806451612904,0.17741935483870963,0.9481343030929564
125,0.18301610541727673,0.816,0.18400000000000005,0.9476748108863832
126,0.18448023426061494,0.8174603174603174,0.18253968253968256,0.9476383328437804
127,0.18594436310395315,0.8110236220472441,0.1889763779527559,0.947537899017334
128,0.18740849194729137,0.8046875,0.1953125,0.947537899017334
129,0.18887262079062958,0.7984496124031008,0.20155038759689925,0.9470841884613036
130,0.1903367496339678,0.8,0.19999999999999996,0.9461187720298768
131,0.191800878477306,0.8015267175572519,0.1984732824427481,0.9457182884216307
132,0.19326500732064422,0.7954545454545454,0.20454545454545459,0.9453530311584472
133,0.19472913616398244,0.7969924812030075,0.20300751879699253,0.9448237419128418
134,0.19619326500732065,0.7985074626865671,0.20149253731343286,0.9446436762809752
135,0.19765739385065886,0.8,0.19999999999999996,0.944263756275177
136,0.19912152269399708,0.7941176470588235,0.20588235294117652,0.944016933441162
137,0.2005856515373353,0.7956204379562044,0.2043795620437956,0.943488359451294
138,0.2020497803806735,0.7971014492753623,0.2028985507246377,0.9430267810821532
139,0.20351390922401172,0.7913669064748201,0.2086330935251799,0.9428723454475404
140,0.20497803806734993,0.7928571428571428,0.20714285714285718,0.9426469802856444
141,0.20644216691068815,0.7872340425531915,0.21276595744680848,0.9418287873268129
142,0.20790629575402636,0.7887323943661971,0.21126760563380287,0.9416858553886414
143,0.20937042459736457,0.7832167832167832,0.21678321678321677,0.941194236278534
144,0.2108345534407028,0.7777777777777778,0.2222222222222222,0.941132128238678
145,0.212298682284041,0.7724137931034483,0.22758620689655173,0.9407026767730712
146,0.21376281112737922,0.773972602739726,0.226027397260274,0.940451979637146
147,0.21522693997071743,0.7755102040816326,0.22448979591836737,0.9402117729187012
148,0.21669106881405564,0.7702702702702703,0.22972972972972971,0.9399450421333312
149,0.21815519765739386,0.7651006711409396,0.2348993288590604,0.93992418050766
150,0.21961932650073207,0.76,0.24,0.9396726489067078
151,0.22108345534407028,0.7615894039735099,0.23841059602649006,0.9393182396888732
152,0.2225475841874085,0.756578947368421,0.24342105263157898,0.93873929977417
153,0.2240117130307467,0.7581699346405228,0.24183006535947715,0.9380303025245668
154,0.22547584187408493,0.7532467532467533,0.24675324675324672,0.937690794467926
155,0.22693997071742314,0.7548387096774194,0.2451612903225806,0.937597393989563
156,0.22840409956076135,0.75,0.25,0.9370543360710144
157,0.22986822840409957,0.7452229299363057,0.2547770700636943,0.936676025390625
158,0.23133235724743778,0.7468354430379747,0.25316455696202533,0.9365055561065674
159,0.232796486090776,0.7484276729559748,0.2515723270440252,0.9365026354789734
160,0.2342606149341142,0.74375,0.25625,0.936299204826355
161,0.23572474377745242,0.7391304347826086,0.26086956521739135,0.9351223707199096
162,0.23718887262079064,0.7345679012345679,0.26543209876543206,0.93507319688797
163,0.23865300146412885,0.7300613496932515,0.26993865030674846,0.934987723827362
164,0.24011713030746706,0.7317073170731707,0.2682926829268293,0.9348629117012024
165,0.24158125915080528,0.7333333333333333,0.2666666666666667,0.9348208904266356
166,0.2430453879941435,0.7289156626506024,0.27108433734939763,0.9337267875671388
167,0.2445095168374817,0.7245508982035929,0.27544910179640714,0.933058261871338
168,0.24597364568081992,0.7261904761904762,0.27380952380952384,0.933039665222168
169,0.24743777452415813,0.7218934911242604,0.2781065088757396,0.9326156377792358
170,0.24890190336749635,0.7176470588235294,0.2823529411764706,0.9317060708999634
171,0.25036603221083453,0.7134502923976608,0.2865497076023392,0.9309767484664916
172,0.2518301610541728,0.7151162790697675,0.2848837209302325,0.9303629398345948
173,0.25329428989751096,0.7109826589595376,0.2890173410404624,0.9294543266296388
174,0.2547584187408492,0.7068965517241379,0.2931034482758621,0.9294084310531616
175,0.2562225475841874,0.7085714285714285,0.2914285714285715,0.9291248321533204
176,0.25768667642752563,0.7102272727272727,0.2897727272727273,0.9291248321533204
177,0.2591508052708638,0.7062146892655368,0.29378531073446323,0.928994357585907
178,0.26061493411420206,0.702247191011236,0.297752808988764,0.9279863834381104
179,0.26207906295754024,0.6983240223463687,0.3016759776536313,0.9268032312393188
180,0.2635431918008785,0.6944444444444444,0.3055555555555556,0.9250596165657043
181,0.26500732064421667,0.6906077348066298,0.30939226519337015,0.924122989177704
182,0.2664714494875549,0.6868131868131868,0.3131868131868132,0.9240949749946594
183,0.2679355783308931,0.6885245901639344,0.3114754098360656,0.9240774512290956
184,0.26939970717423134,0.6902173913043478,0.3097826086956522,0.9236037731170654
185,0.2708638360175695,0.6918918918918919,0.30810810810810807,0.9207707047462464
186,0.27232796486090777,0.6881720430107527,0.31182795698924726,0.9206843376159668
187,0.27379209370424595,0.6844919786096256,0.31550802139037437,0.9206063151359558
188,0.2752562225475842,0.6861702127659575,0.31382978723404253,0.9199593663215636
189,0.2767203513909224,0.6825396825396826,0.31746031746031744,0.9198579788208008
190,0.2781844802342606,0.6789473684210526,0.32105263157894737,0.9193680286407472
191,0.2796486090775988,0.675392670157068,0.32460732984293195,0.919254183769226
192,0.28111273792093705,0.671875,0.328125,0.9191131591796876
193,0.28257686676427524,0.6683937823834197,0.33160621761658027,0.9182780981063844
194,0.2840409956076135,0.6649484536082474,0.3350515463917526,0.9179450869560242
195,0.28550512445095166,0.6615384615384615,0.3384615384615385,0.917461395263672
196,0.2869692532942899,0.6581632653061225,0.34183673469387754,0.9169571995735168
197,0.2884333821376281,0.6598984771573604,0.3401015228426396,0.9162760376930236
198,0.28989751098096633,0.6565656565656566,0.3434343434343434,0.9160650968551636
199,0.2913616398243045,0.6532663316582915,0.3467336683417085,0.9158892035484314
200,0.29282576866764276,0.655,0.345,0.9158855080604552
201,0.29428989751098095,0.6567164179104478,0.34328358208955223,0.9152467250823976
202,0.2957540263543192,0.6534653465346535,0.3465346534653465,0.915113627910614
203,0.2972181551976574,0.6551724137931034,0.3448275862068966,0.9144287109375
204,0.2986822840409956,0.6519607843137255,0.3480392156862745,0.912714183330536
205,0.3001464128843338,0.6487804878048781,0.35121951219512193,0.912600576877594
206,0.30161054172767204,0.6504854368932039,0.3495145631067961,0.9122400283813475
207,0.30307467057101023,0.6473429951690821,0.3526570048309179,0.9120413661003112
208,0.30453879941434847,0.6442307692307693,0.3557692307692307,0.9119510054588318
209,0.30600292825768666,0.6411483253588517,0.3588516746411483,0.9119025468826294
210,0.3074670571010249,0.638095238095238,0.36190476190476195,0.9117863774299622
211,0.3089311859443631,0.6398104265402843,0.3601895734597157,0.9116427898406982
212,0.3103953147877013,0.6367924528301887,0.3632075471698113,0.9108601212501526
213,0.3118594436310395,0.6384976525821596,0.3615023474178404,0.9098774790763856
214,0.31332357247437775,0.6355140186915887,0.36448598130841126,0.909254252910614
215,0.31478770131771594,0.6325581395348837,0.3674418604651163,0.9085955023765564
216,0.3162518301610542,0.6296296296296297,0.37037037037037035,0.9082658290863036
217,0.31771595900439237,0.631336405529954,0.36866359447004604,0.9078145623207092
218,0.3191800878477306,0.6284403669724771,0.37155963302752293,0.907584547996521
219,0.3206442166910688,0.6255707762557078,0.3744292237442922,0.9072869420051576
220,0.32210834553440704,0.6272727272727273,0.3727272727272727,0.906926155090332
221,0.3235724743777452,0.6244343891402715,0.3755656108597285,0.9061437845230104
222,0.32503660322108346,0.6216216216216216,0.3783783783783784,0.9060187339782716
223,0.32650073206442165,0.6233183856502242,0.37668161434977576,0.9059675335884094
224,0.3279648609077599,0.625,0.375,0.9058769345283508
225,0.3294289897510981,0.6222222222222222,0.37777777777777777,0.9056479930877686
226,0.3308931185944363,0.6194690265486725,0.38053097345132747,0.9055774807929992
227,0.3323572474377745,0.6167400881057269,0.3832599118942731,0.9040884375572203
228,0.33382137628111275,0.618421052631579,0.381578947368421,0.9040607810020448
229,0.33528550512445093,0.6157205240174672,0.38427947598253276,0.9033733010292052
230,0.3367496339677892,0.6173913043478261,0.3826086956521739,0.9027624726295472
231,0.33821376281112736,0.6147186147186147,0.38528138528138534,0.9022116661071776
232,0.3396778916544656,0.6120689655172413,0.3879310344827587,0.901195228099823
233,0.3411420204978038,0.6094420600858369,0.3905579399141631,0.8991778492927551
234,0.34260614934114203,0.6068376068376068,0.3931623931623932,0.8984057903289795
235,0.3440702781844802,0.6042553191489362,0.39574468085106385,0.8976665735244751
236,0.34553440702781846,0.6016949152542372,0.39830508474576276,0.897524893283844
237,0.34699853587115664,0.5991561181434599,0.4008438818565401,0.8974238038063049
238,0.3484626647144949,0.6008403361344538,0.39915966386554624,0.8969539999961853
239,0.34992679355783307,0.5983263598326359,0.40167364016736407,0.8965287804603577
240,0.3513909224011713,0.5958333333333333,0.4041666666666667,0.8961220383644104
241,0.3528550512445095,0.5933609958506224,0.4066390041493776,0.8961154818534851
242,0.35431918008784774,0.5909090909090909,0.40909090909090906,0.8958434462547302
243,0.3557833089311859,0.588477366255144,0.411522633744856,0.8940691351890564
244,0.35724743777452417,0.5901639344262295,0.4098360655737705,0.8938166499137878
245,0.35871156661786235,0.5877551020408164,0.4122448979591836,0.8933570981025696
246,0.3601756954612006,0.5853658536585366,0.41463414634146345,0.8926069736480713
247,0.3616398243045388,0.5870445344129555,0.41295546558704455,0.8922832012176514
248,0.363103953147877,0.5887096774193549,0.41129032258064513,0.8915776610374451
249,0.3645680819912152,0.5903614457831325,0.40963855421686746,0.8914154171943665
250,0.36603221083455345,0.592,0.40800000000000003,0.8910976648330688
251,0.36749633967789164,0.5896414342629482,0.41035856573705176,0.8909860849380493
252,0.3689604685212299,0.5873015873015873,0.4126984126984127,0.8906177878379822
253,0.37042459736456806,0.5889328063241107,0.4110671936758893,0.8905603885650635
254,0.3718887262079063,0.5905511811023622,0.40944881889763785,0.8904864192008972
255,0.3733528550512445,0.5882352941176471,0.4117647058823529,0.889342188835144
256,0.37481698389458273,0.5859375,0.4140625,0.8891032934188843
257,0.3762811127379209,0.5836575875486382,0.41634241245136183,0.8880736827850342
258,0.37774524158125916,0.5813953488372093,0.41860465116279066,0.8875517845153809
259,0.37920937042459735,0.583011583011583,0.41698841698841704,0.8875241875648499
260,0.3806734992679356,0.5807692307692308,0.4192307692307692,0.8860360980033875
261,0.3821376281112738,0.5823754789272031,0.4176245210727969,0.8859750032424927
262,0.383601756954612,0.5801526717557252,0.41984732824427484,0.8850902915000916
263,0.3850658857979502,0.5817490494296578,0.41825095057034223,0.8842553496360779
264,0.38653001464128844,0.5833333333333334,0.41666666666666663,0.8842215538024902
265,0.38799414348462663,0.5849056603773585,0.41509433962264153,0.884172797203064
266,0.38945827232796487,0.5827067669172933,0.4172932330827067,0.8831599950790405
267,0.39092240117130306,0.5805243445692884,0.41947565543071164,0.8824217319488525
268,0.3923865300146413,0.5783582089552238,0.42164179104477617,0.881994366645813
269,0.3938506588579795,0.5799256505576208,0.4200743494423792,0.8811855316162109
270,0.3953147877013177,0.5814814814814815,0.4185185185185185,0.8807553648948669
271,0.3967789165446559,0.5830258302583026,0.41697416974169743,0.8806217312812805
272,0.39824304538799415,0.5808823529411765,0.4191176470588235,0.8798395991325378
273,0.39970717423133234,0.5787545787545788,0.4212454212454212,0.8789979815483093
274,0.4011713030746706,0.5802919708029197,0.4197080291970803,0.8786572217941284
275,0.40263543191800877,0.5781818181818181,0.42181818181818187,0.8783718347549438
276,0.404099560761347,0.5797101449275363,0.42028985507246375,0.8782692551612854
277,0.4055636896046852,0.5812274368231047,0.41877256317689526,0.8777070641517639
278,0.40702781844802344,0.579136690647482,0.42086330935251803,0.8769407272338867
279,0.4084919472913616,0.5770609318996416,0.4229390681003584,0.876136302947998
280,0.40995607613469986,0.5785714285714286,0.4214285714285714,0.875625491142273
281,0.41142020497803805,0.5765124555160143,0.42348754448398573,0.8749527931213379
282,0.4128843338213763,0.574468085106383,0.42553191489361697,0.8748756051063538
283,0.4143484626647145,0.5759717314487632,0.42402826855123676,0.8748106360435486
284,0.4158125915080527,0.573943661971831,0.426056338028169,0.8741475343704224
285,0.4172767203513909,0.5719298245614035,0.4280701754385965,0.8735054135322571
286,0.41874084919472915,0.5734265734265734,0.42657342657342656,0.8730643391609192
287,0.42020497803806733,0.5749128919860628,0.42508710801393723,0.8730238676071167
288,0.4216691068814056,0.5729166666666666,0.42708333333333337,0.8726052045822144
289,0.42313323572474376,0.5709342560553633,0.4290657439446367,0.8711698055267334
290,0.424597364568082,0.5689655172413793,0.43103448275862066,0.8706313371658325
291,0.4260614934114202,0.5670103092783505,0.4329896907216495,0.8696932792663574
292,0.42752562225475843,0.565068493150685,0.43493150684931503,0.867876410484314
293,0.4289897510980966,0.5631399317406144,0.4368600682593856,0.8670300245285034
294,0.43045387994143486,0.5612244897959183,0.4387755102040817,0.8666942715644836
295,0.43191800878477304,0.559322033898305,0.44067796610169496,0.8655942678451538
296,0.4333821376281113,0.5574324324324325,0.44256756756756754,0.8650704622268677
297,0.43484626647144947,0.5555555555555556,0.4444444444444444,0.8623127937316895
298,0.4363103953147877,0.5570469798657718,0.4429530201342282,0.8609947562217712
299,0.4377745241581259,0.5551839464882943,0.4448160535117057,0.8603391647338867
300,0.43923865300146414,0.5533333333333333,0.44666666666666666,0.8593693971633911
301,0.4407027818448023,0.5548172757475083,0.4451827242524917,0.8587517142295837
302,0.44216691068814057,0.5529801324503312,0.4470198675496688,0.8576522469520569
303,0.44363103953147875,0.5511551155115512,0.44884488448844884,0.8571562170982361
304,0.445095168374817,0.5493421052631579,0.45065789473684215,0.8569191098213196
305,0.4465592972181552,0.5475409836065573,0.45245901639344266,0.8563858866691589
306,0.4480234260614934,0.5490196078431373,0.4509803921568627,0.8562909364700317
307,0.4494875549048316,0.5472312703583062,0.4527687296416938,0.8551180362701416
308,0.45095168374816985,0.5454545454545454,0.4545454545454546,0.854253351688385
309,0.45241581259150804,0.5469255663430421,0.4530744336569579,0.8521730303764343
310,0.4538799414348463,0.5451612903225806,0.45483870967741935,0.8510622978210449
311,0.45534407027818447,0.5434083601286174,0.4565916398713826,0.8503274917602539
312,0.4568081991215227,0.5416666666666666,0.45833333333333337,0.8493551015853882
313,0.4582723279648609,0.5431309904153354,0.4568690095846646,0.849014401435852
314,0.45973645680819913,0.5414012738853503,0.4585987261146497,0.8487507104873657
315,0.4612005856515373,0.5396825396825397,0.46031746031746035,0.8465069532394409
316,0.46266471449487556,0.5379746835443038,0.4620253164556962,0.8458067178726196
317,0.46412884333821375,0.5394321766561514,0.4605678233438486,0.8439044952392578
318,0.465592972181552,0.5408805031446541,0.4591194968553459,0.8428667783737183
319,0.4670571010248902,0.5391849529780565,0.46081504702194354,0.8423654437065125
320,0.4685212298682284,0.540625,0.459375,0.8423243761062622
321,0.4699853587115666,0.5420560747663551,0.4579439252336449,0.8414502143859863
322,0.47144948755490484,0.5403726708074534,0.45962732919254656,0.8403878808021545
323,0.47291361639824303,0.5386996904024768,0.4613003095975232,0.8394811153411865
324,0.4743777452415813,0.5370370370370371,0.4629629629629629,0.8390013575553894
325,0.47584187408491946,0.5384615384615384,0.46153846153846156,0.8388682007789612
326,0.4773060029282577,0.5398773006134969,0.4601226993865031,0.8387562036514282
327,0.4787701317715959,0.5382262996941896,0.46177370030581044,0.8374117612838745
328,0.4802342606149341,0.5396341463414634,0.46036585365853655,0.8373454809188843
329,0.4816983894582723,0.5379939209726444,0.4620060790273556,0.8372962474822998
330,0.48316251830161056,0.5393939393939394,0.4606060606060606,0.8372869491577148
331,0.48462664714494874,0.5377643504531722,0.46223564954682783,0.8368338346481323
332,0.486090775988287,0.536144578313253,0.463855421686747,0.8367906808853149
333,0.48755490483162517,0.5375375375375375,0.4624624624624625,0.8367786407470703
334,0.4890190336749634,0.5389221556886228,0.4610778443113772,0.8359457850456238
335,0.4904831625183016,0.5402985074626866,0.4597014925373134,0.8353343605995178
336,0.49194729136163984,0.5386904761904762,0.46130952380952384,0.8340301513671875
337,0.493411420204978,0.5400593471810089,0.4599406528189911,0.8335040211677551
338,0.49487554904831627,0.5414201183431953,0.45857988165680474,0.8326864838600159
339,0.49633967789165445,0.5398230088495575,0.4601769911504425,0.8324785828590393
340,0.4978038067349927,0.538235294117647,0.46176470588235297,0.8317875266075134
341,0.4992679355783309,0.5366568914956011,0.46334310850439886,0.8314613103866577
342,0.5007320644216691,0.5380116959064327,0.4619883040935673,0.8312796354293823
343,0.5021961932650073,0.5364431486880467,0.46355685131195334,0.830702006816864
344,0.5036603221083455,0.5348837209302325,0.4651162790697675,0.830143392086029
345,0.5051244509516838,0.5333333333333333,0.4666666666666667,0.8300325870513916
346,0.5065885797950219,0.5346820809248555,0.4653179190751445,0.8291337490081787
347,0.5080527086383602,0.5360230547550432,0.4639769452449568,0.8290504813194275
348,0.5095168374816984,0.5373563218390804,0.46264367816091956,0.8289410471916199
349,0.5109809663250366,0.5358166189111748,0.4641833810888252,0.8281406164169312
350,0.5124450951683748,0.5342857142857143,0.46571428571428575,0.827377200126648
351,0.513909224011713,0.5327635327635327,0.4672364672364673,0.8264025449752808
352,0.5153733528550513,0.5340909090909091,0.46590909090909094,0.8262364864349365
353,0.5168374816983895,0.5354107648725213,0.46458923512747874,0.824323832988739
354,0.5183016105417276,0.5338983050847458,0.4661016949152542,0.8233018517494202
355,0.5197657393850659,0.532394366197183,0.46760563380281694,0.8220822811126709
356,0.5212298682284041,0.5308988764044944,0.4691011235955056,0.8217689990997314
357,0.5226939970717424,0.5294117647058824,0.47058823529411764,0.8215492963790894
358,0.5241581259150805,0.5279329608938548,0.4720670391061452,0.8215014934539795
359,0.5256222547584187,0.5264623955431755,0.47353760445682447,0.8204203844070435
360,0.527086383601757,0.525,0.475,0.8194555044174194
361,0.5285505124450952,0.5263157894736842,0.4736842105263158,0.8184539675712585
362,0.5300146412884333,0.5276243093922652,0.47237569060773477,0.8182582855224609
363,0.5314787701317716,0.5261707988980716,0.4738292011019284,0.8175363540649414
364,0.5329428989751098,0.5247252747252747,0.47527472527472525,0.8164789080619812
365,0.5344070278184481,0.5232876712328767,0.47671232876712333,0.8156035542488098
366,0.5358711566617862,0.5218579234972678,0.4781420765027322,0.8150611519813538
367,0.5373352855051244,0.5204359673024523,0.47956403269754766,0.8149157762527466
368,0.5387994143484627,0.5190217391304348,0.4809782608695652,0.8147097826004028
369,0.5402635431918009,0.5176151761517616,0.48238482384823844,0.8145690560340881
370,0.541727672035139,0.5162162162162162,0.48378378378378384,0.8140432834625244
371,0.5431918008784773,0.5175202156334232,0.4824797843665768,0.8139072060585022
372,0.5446559297218155,0.5188172043010753,0.48118279569892475,0.8136752843856812
373,0.5461200585651538,0.517426273458445,0.48257372654155495,0.8131884336471558
374,0.5475841874084919,0.5187165775401069,0.4812834224598931,0.8101938962936401
375,0.5490483162518301,0.5173333333333333,0.4826666666666667,0.8090049624443054
376,0.5505124450951684,0.5186170212765957,0.4813829787234043,0.808843195438385
377,0.5519765739385066,0.519893899204244,0.480106100795756,0.8068051934242249
378,0.5534407027818448,0.5185185185185185,0.4814814814814815,0.8067310452461243
379,0.554904831625183,0.5171503957783641,0.4828496042216359,0.8059417009353638
380,0.5563689604685212,0.5157894736842106,0.4842105263157894,0.8052129745483398
381,0.5578330893118595,0.5170603674540682,0.48293963254593175,0.8046809434890747
382,0.5592972181551976,0.518324607329843,0.481675392670157,0.8017367720603943
383,0.5607613469985359,0.5195822454308094,0.48041775456919056,0.8005015850067139
384,0.5622254758418741,0.5182291666666666,0.48177083333333337,0.8001362085342407
385,0.5636896046852123,0.5194805194805194,0.48051948051948057,0.800105631351471
386,0.5651537335285505,0.5181347150259067,0.4818652849740933,0.7993888854980469
387,0.5666178623718887,0.5167958656330749,0.4832041343669251,0.7989441752433777
388,0.568081991215227,0.5180412371134021,0.4819587628865979,0.7970935702323914
389,0.5695461200585652,0.519280205655527,0.480719794344473,0.7967911958694458
390,0.5710102489019033,0.517948717948718,0.482051282051282,0.795602560043335
391,0.5724743777452416,0.5166240409207161,0.4833759590792839,0.7949680089950562
392,0.5739385065885798,0.5153061224489796,0.48469387755102045,0.7949363589286804
393,0.575402635431918,0.5165394402035624,0.48346055979643765,0.7948601841926575
394,0.5768667642752562,0.5152284263959391,0.48477157360406087,0.7947223782539368
395,0.5783308931185944,0.5139240506329114,0.48607594936708864,0.7943359017372131
396,0.5797950219619327,0.5151515151515151,0.48484848484848486,0.7938597202301025
397,0.5812591508052709,0.5138539042821159,0.48614609571788414,0.7937518954277039
398,0.582723279648609,0.5150753768844221,0.48492462311557794,0.791738748550415
399,0.5841874084919473,0.5162907268170426,0.4837092731829574,0.7909981608390808
400,0.5856515373352855,0.515,0.485,0.7896389961242676
401,0.5871156661786238,0.513715710723192,0.486284289276808,0.7875364422798157
402,0.5885797950219619,0.5124378109452736,0.48756218905472637,0.7863921523094177
403,0.5900439238653001,0.511166253101737,0.488833746898263,0.7862663269042969
404,0.5915080527086384,0.5099009900990099,0.4900990099009901,0.7860175371170044
405,0.5929721815519766,0.508641975308642,0.49135802469135803,0.7858952283859253
406,0.5944363103953147,0.5073891625615764,0.4926108374384236,0.7856287360191345
407,0.595900439238653,0.5061425061425061,0.4938574938574939,0.784355640411377
408,0.5973645680819912,0.5073529411764706,0.49264705882352944,0.7829941511154175
409,0.5988286969253295,0.508557457212714,0.49144254278728605,0.7825668454170227
410,0.6002928257686676,0.5073170731707317,0.4926829268292683,0.7825325131416321
411,0.6017569546120058,0.5060827250608273,0.4939172749391727,0.7814928889274597
412,0.6032210834553441,0.5048543689320388,0.49514563106796117,0.780911386013031
413,0.6046852122986823,0.5036319612590799,0.49636803874092006,0.779102087020874
414,0.6061493411420205,0.5024154589371981,0.4975845410628019,0.7783001065254211
415,0.6076134699853587,0.5036144578313253,0.4963855421686747,0.777839183807373
416,0.6090775988286969,0.5024038461538461,0.49759615384615385,0.7775416374206543
417,0.6105417276720352,0.5035971223021583,0.49640287769784175,0.7765833139419556
418,0.6120058565153733,0.5023923444976076,0.4976076555023924,0.7762124538421631
419,0.6134699853587116,0.5035799522673031,0.4964200477326969,0.7761704921722412
420,0.6149341142020498,0.5047619047619047,0.49523809523809526,0.7761074900627136
421,0.616398243045388,0.505938242280285,0.49406175771971494,0.776066780090332
422,0.6178623718887262,0.504739336492891,0.49526066350710896,0.7759913206100464
423,0.6193265007320644,0.5035460992907801,0.4964539007092199,0.7758170962333679
424,0.6207906295754027,0.5023584905660378,0.49764150943396224,0.775001585483551
425,0.6222547584187409,0.5011764705882353,0.49882352941176467,0.7745703458786011
426,0.623718887262079,0.5,0.5,0.7725517749786377
427,0.6251830161054173,0.5011709601873536,0.49882903981264637,0.7718716263771057
428,0.6266471449487555,0.5,0.5,0.7715790271759033
429,0.6281112737920937,0.4988344988344988,0.5011655011655012,0.7700521945953369
430,0.6295754026354319,0.49767441860465117,0.5023255813953489,0.7684658169746399
431,0.6310395314787701,0.4988399071925754,0.5011600928074246,0.7674306035041809
432,0.6325036603221084,0.5,0.5,0.7646077275276184
433,0.6339677891654466,0.5011547344110855,0.4988452655889145,0.76378333568573
434,0.6354319180087847,0.5,0.5,0.7613581418991089
435,0.636896046852123,0.49885057471264366,0.5011494252873563,0.7605741024017334
436,0.6383601756954612,0.49770642201834864,0.5022935779816513,0.7605741024017334
437,0.6398243045387995,0.4988558352402746,0.5011441647597255,0.7605646252632141
438,0.6412884333821376,0.4977168949771689,0.5022831050228311,0.7578014731407166
439,0.6427525622254758,0.49658314350797267,0.5034168564920274,0.7561176419258118
440,0.6442166910688141,0.4954545454545455,0.5045454545454545,0.7557661533355713
441,0.6456808199121523,0.4965986394557823,0.5034013605442177,0.7545884251594543
442,0.6471449487554904,0.497737556561086,0.502262443438914,0.7542658448219299
443,0.6486090775988287,0.49887133182844245,0.5011286681715575,0.7501533627510071
444,0.6500732064421669,0.5,0.5,0.7498346567153931
445,0.6515373352855052,0.501123595505618,0.498876404494382,0.7484367489814758
446,0.6530014641288433,0.5022421524663677,0.4977578475336323,0.7479393482208252
447,0.6544655929721815,0.5011185682326622,0.4988814317673378,0.7463964819908142
448,0.6559297218155198,0.5022321428571429,0.4977678571428571,0.7461798787117004
449,0.657393850658858,0.5011135857461024,0.49888641425389757,0.745874285697937
450,0.6588579795021962,0.5022222222222222,0.49777777777777776,0.7452442646026611
451,0.6603221083455344,0.5011086474501109,0.49889135254988914,0.7449132204055786
452,0.6617862371888726,0.5,0.5,0.7448495030403137
453,0.6632503660322109,0.4988962472406181,0.5011037527593819,0.7421211004257202
454,0.664714494875549,0.5,0.5,0.7415053248405457
455,0.6661786237188873,0.4989010989010989,0.5010989010989011,0.7405843734741211
456,0.6676427525622255,0.5,0.5,0.7383620738983154
457,0.6691068814055637,0.5010940919037199,0.4989059080962801,0.7382736802101135
458,0.6705710102489019,0.5,0.5,0.7380639910697937
459,0.6720351390922401,0.4989106753812636,0.5010893246187365,0.7372071743011475
460,0.6734992679355783,0.49782608695652175,0.5021739130434782,0.7363385558128357
461,0.6749633967789166,0.49891540130151846,0.5010845986984815,0.7327667474746704
462,0.6764275256222547,0.49783549783549785,0.5021645021645021,0.7306832671165466
463,0.677891654465593,0.49892008639308855,0.5010799136069115,0.7295224666595459
464,0.6793557833089312,0.5,0.5,0.7295126914978027
465,0.6808199121522694,0.4989247311827957,0.5010752688172043,0.7272818088531494
466,0.6822840409956076,0.5,0.5,0.7227122187614441
467,0.6837481698389458,0.5010706638115632,0.4989293361884368,0.7223879098892212
468,0.6852122986822841,0.5021367521367521,0.49786324786324787,0.7217257022857666
469,0.6866764275256223,0.5031982942430704,0.4968017057569296,0.7209941148757935
470,0.6881405563689604,0.5042553191489362,0.4957446808510638,0.7207349538803101
471,0.6896046852122987,0.5031847133757962,0.4968152866242038,0.7194052934646606
472,0.6910688140556369,0.5021186440677966,0.4978813559322034,0.7189672589302063
473,0.6925329428989752,0.5010570824524313,0.4989429175475687,0.7182286977767944
474,0.6939970717423133,0.5,0.5,0.7170600891113281
475,0.6954612005856515,0.5010526315789474,0.4989473684210526,0.7146121859550476
476,0.6969253294289898,0.5,0.5,0.714552104473114
477,0.698389458272328,0.4989517819706499,0.5010482180293501,0.7143081426620483
478,0.6998535871156661,0.497907949790795,0.502092050209205,0.7136321067810059
479,0.7013177159590044,0.4968684759916493,0.5031315240083507,0.7134397029876709
480,0.7027818448023426,0.49583333333333335,0.5041666666666667,0.7115653157234192
481,0.7042459736456809,0.49480249480249483,0.5051975051975052,0.7101453542709351
482,0.705710102489019,0.495850622406639,0.504149377593361,0.7089659571647644
483,0.7071742313323572,0.4968944099378882,0.5031055900621118,0.7088417410850525
484,0.7086383601756955,0.49793388429752067,0.5020661157024793,0.7075443863868713
485,0.7101024890190337,0.49690721649484537,0.5030927835051546,0.7056244611740112
486,0.7115666178623719,0.49588477366255146,0.5041152263374485,0.7046107649803162
487,0.7130307467057101,0.49691991786447637,0.5030800821355237,0.7034602761268616
488,0.7144948755490483,0.4959016393442623,0.5040983606557377,0.7033729553222656
489,0.7159590043923866,0.4948875255623722,0.5051124744376279,0.7033729553222656
490,0.7174231332357247,0.49387755102040815,0.5061224489795919,0.7013819217681885
491,0.718887262079063,0.49490835030549896,0.505091649694501,0.7009100317955017
492,0.7203513909224012,0.4959349593495935,0.5040650406504066,0.6982230544090271
493,0.7218155197657394,0.4969574036511156,0.5030425963488844,0.6975754499435425
494,0.7232796486090776,0.4959514170040486,0.5040485829959513,0.6973127722740173
495,0.7247437774524158,0.494949494949495,0.505050505050505,0.6962544918060303
496,0.726207906295754,0.4959677419354839,0.5040322580645161,0.6938039660453796
497,0.7276720351390923,0.4969818913480885,0.5030181086519114,0.6934056282043457
498,0.7291361639824304,0.4959839357429719,0.5040160642570282,0.6933238506317139
499,0.7306002928257687,0.4969939879759519,0.503006012024048,0.6917517781257629
500,0.7320644216691069,0.496,0.504,0.6916750073432922
501,0.7335285505124451,0.49500998003992014,0.5049900199600799,0.6913710832595825
502,0.7349926793557833,0.4940239043824701,0.5059760956175299,0.690546452999115
503,0.7364568081991215,0.49304174950298213,0.5069582504970178,0.6904096007347107
504,0.7379209370424598,0.49206349206349204,0.5079365079365079,0.6902819275856018
505,0.739385065885798,0.4910891089108911,0.5089108910891089,0.68703293800354
506,0.7408491947291361,0.49209486166007904,0.5079051383399209,0.6868962645530701
507,0.7423133235724744,0.4911242603550296,0.5088757396449703,0.6867005228996277
508,0.7437774524158126,0.4921259842519685,0.5078740157480315,0.6866093277931213
509,0.7452415812591509,0.4911591355599214,0.5088408644400786,0.684718132019043
510,0.746705710102489,0.49019607843137253,0.5098039215686274,0.6842789053916931
511,0.7481698389458272,0.4892367906066536,0.5107632093933464,0.6782224774360657
512,0.7496339677891655,0.48828125,0.51171875,0.6775654554367065
513,0.7510980966325037,0.4873294346978557,0.5126705653021443,0.6759767532348633
514,0.7525622254758418,0.48638132295719844,0.5136186770428015,0.675724446773529
515,0.7540263543191801,0.4854368932038835,0.5145631067961165,0.6754198670387268
516,0.7554904831625183,0.4844961240310077,0.5155038759689923,0.6739106178283691
517,0.7569546120058566,0.4835589941972921,0.5164410058027079,0.6738051176071167
518,0.7584187408491947,0.4826254826254826,0.5173745173745175,0.6731512546539307
519,0.7598828696925329,0.4836223506743738,0.5163776493256262,0.6729577779769897
520,0.7613469985358712,0.4826923076923077,0.5173076923076922,0.6725018620491028
521,0.7628111273792094,0.4817658349328215,0.5182341650671785,0.6720764636993408
522,0.7642752562225475,0.4827586206896552,0.5172413793103448,0.6686161160469055
523,0.7657393850658858,0.4818355640535373,0.5181644359464628,0.6678357124328613
524,0.767203513909224,0.48091603053435117,0.5190839694656488,0.665766716003418
525,0.7686676427525623,0.4819047619047619,0.5180952380952382,0.6652839779853821
526,0.7701317715959004,0.48098859315589354,0.5190114068441065,0.6651963591575623
527,0.7715959004392386,0.4819734345351044,0.5180265654648957,0.6646697521209717
528,0.7730600292825769,0.4810606060606061,0.5189393939393939,0.6631091833114624
529,0.7745241581259151,0.4820415879017013,0.5179584120982987,0.6623127460479736
530,0.7759882869692533,0.4811320754716981,0.5188679245283019,0.6612291932106018
531,0.7774524158125915,0.480225988700565,0.519774011299435,0.6607668995857239
532,0.7789165446559297,0.4793233082706767,0.5206766917293233,0.6603620052337646
533,0.780380673499268,0.47842401500938087,0.5215759849906192,0.6603566408157349
534,0.7818448023426061,0.47752808988764045,0.5224719101123596,0.6592453122138977
535,0.7833089311859444,0.4766355140186916,0.5233644859813085,0.6584189534187317
536,0.7847730600292826,0.47574626865671643,0.5242537313432836,0.6578541398048401
537,0.7862371888726208,0.4767225325884544,0.5232774674115457,0.6571317911148071
538,0.787701317715959,0.4758364312267658,0.5241635687732342,0.6562104225158691
539,0.7891654465592972,0.4749536178107607,0.5250463821892393,0.6560915112495422
540,0.7906295754026355,0.4740740740740741,0.5259259259259259,0.6552721261978149
541,0.7920937042459737,0.47504621072088726,0.5249537892791127,0.6549264192581177
542,0.7935578330893118,0.474169741697417,0.525830258302583,0.654598593711853
543,0.7950219619326501,0.4732965009208103,0.5267034990791897,0.6545775532722473
544,0.7964860907759883,0.4724264705882353,0.5275735294117647,0.6542689204216003
545,0.7979502196193266,0.47155963302752296,0.5284403669724771,0.6532389521598816
546,0.7994143484626647,0.4706959706959707,0.5293040293040293,0.6529471278190613
547,0.8008784773060029,0.4716636197440585,0.5283363802559415,0.6520138382911682
548,0.8023426061493412,0.4708029197080292,0.5291970802919708,0.6508913040161133
549,0.8038067349926794,0.46994535519125685,0.5300546448087431,0.6506205201148987
550,0.8052708638360175,0.4690909090909091,0.5309090909090909,0.6502983570098877
551,0.8067349926793558,0.46823956442831216,0.5317604355716878,0.6456010937690735
552,0.808199121522694,0.4692028985507246,0.5307971014492754,0.6437273025512695
553,0.8096632503660323,0.46835443037974683,0.5316455696202531,0.6407164335250854
554,0.8111273792093704,0.4675090252707581,0.5324909747292419,0.6393542885780334
555,0.8125915080527086,0.4666666666666667,0.5333333333333333,0.638209342956543
556,0.8140556368960469,0.4658273381294964,0.5341726618705036,0.6355647444725037
557,0.8155197657393851,0.4649910233393178,0.5350089766606823,0.6334657669067383
558,0.8169838945827232,0.46415770609318996,0.53584229390681,0.6312133073806763
559,0.8184480234260615,0.46332737030411447,0.5366726296958855,0.6291694045066833
560,0.8199121522693997,0.4625,0.5375,0.6290208101272583
561,0.821376281112738,0.46345811051693403,0.536541889483066,0.6284307837486267
562,0.8228404099560761,0.4626334519572954,0.5373665480427046,0.6280266046524048
563,0.8243045387994143,0.4635879218472469,0.536412078152753,0.627349317073822
564,0.8257686676427526,0.4645390070921986,0.5354609929078014,0.6265689730644226
565,0.8272327964860908,0.4654867256637168,0.5345132743362833,0.6259215474128723
566,0.828696925329429,0.4664310954063604,0.5335689045936396,0.6254270672798157
567,0.8301610541727672,0.4656084656084656,0.5343915343915344,0.6247947812080383
568,0.8316251830161054,0.4665492957746479,0.5334507042253521,0.6237881183624268
569,0.8330893118594437,0.46572934973637964,0.5342706502636203,0.6219702363014221
570,0.8345534407027818,0.4649122807017544,0.5350877192982456,0.6216846108436584
571,0.83601756954612,0.46409807355516636,0.5359019264448337,0.6214583516120911
572,0.8374816983894583,0.4632867132867133,0.5367132867132867,0.6209049224853516
573,0.8389458272327965,0.4642233856893543,0.5357766143106457,0.6203773021697998
574,0.8404099560761347,0.4634146341463415,0.5365853658536586,0.6194929480552673
575,0.8418740849194729,0.46260869565217394,0.537391304347826,0.6194639205932617
576,0.8433382137628112,0.4618055555555556,0.5381944444444444,0.6193207502365112
577,0.8448023426061494,0.4610051993067591,0.5389948006932409,0.6172508597373962
578,0.8462664714494875,0.4619377162629758,0.5380622837370241,0.6122289299964905
579,0.8477306002928258,0.46286701208981,0.53713298791019,0.6115583777427673
580,0.849194729136164,0.46206896551724136,0.5379310344827586,0.6104073524475098
581,0.8506588579795022,0.4629948364888124,0.5370051635111877,0.6075323224067688
582,0.8521229868228404,0.4639175257731959,0.5360824742268041,0.6072960495948792
583,0.8535871156661786,0.4648370497427101,0.5351629502572899,0.6072278022766113
584,0.8550512445095169,0.464041095890411,0.535958904109589,0.6035234928131104
585,0.8565153733528551,0.46324786324786327,0.5367521367521367,0.6034542322158813
586,0.8579795021961932,0.4641638225255973,0.5358361774744027,0.602405309677124
587,0.8594436310395315,0.46507666098807493,0.534923339011925,0.6020927429199219
588,0.8609077598828697,0.46598639455782315,0.5340136054421769,0.6013601422309875
589,0.862371888726208,0.46519524617996605,0.534804753820034,0.6002427935600281
590,0.8638360175695461,0.46440677966101696,0.535593220338983,0.5986999273300171
591,0.8653001464128843,0.46362098138747887,0.5363790186125211,0.5977294445037842
592,0.8667642752562226,0.46283783783783783,0.5371621621621622,0.5949150323867798
593,0.8682284040995608,0.463743676222597,0.536256323777403,0.5909557938575745
594,0.8696925329428989,0.46464646464646464,0.5353535353535354,0.5906174182891846
595,0.8711566617862372,0.46554621848739497,0.534453781512605,0.589959979057312
596,0.8726207906295754,0.46476510067114096,0.535234899328859,0.5895419120788574
597,0.8740849194729137,0.4656616415410385,0.5343383584589615,0.5864422917366028
598,0.8755490483162518,0.46488294314381273,0.5351170568561873,0.5852052569389343
599,0.87701317715959,0.4657762938230384,0.5342237061769616,0.5844237804412842
600,0.8784773060029283,0.465,0.5349999999999999,0.5796210169792175
601,0.8799414348462665,0.46589018302828616,0.5341098169717138,0.5769736766815186
602,0.8814055636896047,0.46511627906976744,0.5348837209302326,0.5716133117675781
603,0.8828696925329429,0.46434494195688225,0.5356550580431177,0.570366382598877
604,0.8843338213762811,0.4652317880794702,0.5347682119205298,0.5702815055847168
605,0.8857979502196194,0.4644628099173554,0.5355371900826447,0.568561851978302
606,0.8872620790629575,0.4636963696369637,0.5363036303630363,0.5665448307991028
607,0.8887262079062958,0.46293245469522243,0.5370675453047775,0.5661458373069763
608,0.890190336749634,0.4621710526315789,0.537828947368421,0.565211832523346
609,0.8916544655929722,0.4614121510673235,0.5385878489326765,0.5649879574775696
610,0.8931185944363104,0.46229508196721314,0.5377049180327869,0.5649386048316956
611,0.8945827232796486,0.46317512274959083,0.5368248772504092,0.5648054480552673
612,0.8960468521229868,0.4624183006535948,0.5375816993464052,0.5645069479942322
613,0.8975109809663251,0.46166394779771613,0.5383360522022839,0.5643338561058044
614,0.8989751098096632,0.4609120521172638,0.5390879478827362,0.5639095306396484
615,0.9004392386530015,0.46178861788617886,0.5382113821138211,0.5636665225028992
616,0.9019033674963397,0.46266233766233766,0.5373376623376623,0.5614088177680969
617,0.9033674963396779,0.46353322528363045,0.5364667747163696,0.5612097978591919
618,0.9048316251830161,0.4627831715210356,0.5372168284789645,0.5601246953010559
619,0.9062957540263543,0.4620355411954766,0.5379644588045234,0.5598289370536804
620,0.9077598828696926,0.4612903225806452,0.5387096774193548,0.5585871934890747
621,0.9092240117130308,0.4605475040257649,0.5394524959742351,0.5557541847229004
622,0.9106881405563689,0.45980707395498394,0.540192926045016,0.5532471537590027
623,0.9121522693997072,0.4606741573033708,0.5393258426966292,0.5512756109237671
624,0.9136163982430454,0.4599358974358974,0.5400641025641026,0.5504079461097717
625,0.9150805270863837,0.4592,0.5408,0.5500599145889282
626,0.9165446559297218,0.4584664536741214,0.5415335463258786,0.5473871827125549
627,0.91800878477306,0.45933014354066987,0.5406698564593302,0.5466630458831787
628,0.9194729136163983,0.4585987261146497,0.5414012738853503,0.5453392267227173
629,0.9209370424597365,0.4594594594594595,0.5405405405405406,0.5440346002578735
630,0.9224011713030746,0.4587301587301587,0.5412698412698413,0.5405649542808533
631,0.9238653001464129,0.45800316957210774,0.5419968304278923,0.53786700963974
632,0.9253294289897511,0.4572784810126582,0.5427215189873418,0.5342441201210022
633,0.9267935578330894,0.45813586097946285,0.5418641390205372,0.533564031124115
634,0.9282576866764275,0.4589905362776025,0.5410094637223974,0.5329611897468567
635,0.9297218155197657,0.4582677165354331,0.5417322834645669,0.5312198400497437
636,0.931185944363104,0.4591194968553459,0.5408805031446541,0.5304996371269226
637,0.9326500732064422,0.45839874411302983,0.5416012558869702,0.529456615447998
638,0.9341142020497804,0.4592476489028213,0.5407523510971787,0.5289784669876099
639,0.9355783308931186,0.458528951486698,0.5414710485133021,0.5264022350311279
640,0.9370424597364568,0.4578125,0.5421875,0.5247874855995178
641,0.9385065885797951,0.45709828393135726,0.5429017160686427,0.5242980718612671
642,0.9399707174231332,0.45638629283489096,0.543613707165109,0.5226659774780273
643,0.9414348462664714,0.4572317262830482,0.5427682737169518,0.5205897688865662
644,0.9428989751098097,0.45652173913043476,0.5434782608695652,0.5202796459197998
645,0.9443631039531479,0.4573643410852713,0.5426356589147288,0.5200815200805664
646,0.9458272327964861,0.456656346749226,0.543343653250774,0.5199341177940369
647,0.9472913616398243,0.4574961360123648,0.5425038639876352,0.5188196897506714
648,0.9487554904831625,0.4583333333333333,0.5416666666666667,0.5176461338996887
649,0.9502196193265008,0.4591679506933744,0.5408320493066257,0.5174874663352966
650,0.9516837481698389,0.46,0.54,0.5162898898124695
651,0.9531478770131772,0.4608294930875576,0.5391705069124424,0.5160558223724365
652,0.9546120058565154,0.4616564417177914,0.5383435582822086,0.5137122273445129
653,0.9560761346998536,0.4609494640122512,0.5390505359877489,0.5122845768928528
654,0.9575402635431918,0.4617737003058104,0.5382262996941896,0.5067952275276184
655,0.95900439238653,0.46259541984732827,0.5374045801526717,0.505439281463623
656,0.9604685212298683,0.46189024390243905,0.538109756097561,0.5046195387840271
657,0.9619326500732065,0.4611872146118721,0.5388127853881279,0.5020071268081665
658,0.9633967789165446,0.46200607902735563,0.5379939209726443,0.5018578767776489
659,0.9648609077598829,0.4613050075872534,0.5386949924127467,0.5004062056541443
660,0.9663250366032211,0.4621212121212121,0.5378787878787878,0.4986722767353058
661,0.9677891654465594,0.4629349470499244,0.5370650529500756,0.4947343170642853
662,0.9692532942898975,0.4622356495468278,0.5377643504531722,0.4941615760326385
663,0.9707174231332357,0.46304675716440424,0.5369532428355958,0.4932675063610077
664,0.972181551976574,0.4623493975903614,0.5376506024096386,0.49163818359375
665,0.9736456808199122,0.4616541353383459,0.5383458646616541,0.490274578332901
666,0.9751098096632503,0.4624624624624625,0.5375375375375375,0.4896392822265625
667,0.9765739385065886,0.46326836581709147,0.5367316341829085,0.487446665763855
668,0.9780380673499268,0.4625748502994012,0.5374251497005988,0.4870339334011078
669,0.9795021961932651,0.4618834080717489,0.5381165919282511,0.4854942262172699
670,0.9809663250366032,0.4626865671641791,0.5373134328358209,0.4839063882827759
671,0.9824304538799414,0.46199701937406856,0.5380029806259314,0.4805712699890136
672,0.9838945827232797,0.46279761904761907,0.5372023809523809,0.4783138036727905
673,0.9853587115666179,0.462109955423477,0.537890044576523,0.4776767790317535
674,0.986822840409956,0.46142433234421365,0.5385756676557863,0.4701703786849975
675,0.9882869692532943,0.4622222222222222,0.5377777777777778,0.4642456471920013
676,0.9897510980966325,0.46153846153846156,0.5384615384615384,0.4587598443031311
677,0.9912152269399708,0.4608567208271787,0.5391432791728212,0.4584843814373016
678,0.9926793557833089,0.46017699115044247,0.5398230088495575,0.4547831416130066
679,0.9941434846266471,0.45949926362297494,0.5405007363770251,0.4505678415298462
680,0.9956076134699854,0.4588235294117647,0.5411764705882354,0.4017301797866821
681,0.9970717423133236,0.4581497797356828,0.5418502202643172,0.4001744985580444
682,0.9985358711566618,0.4574780058651026,0.5425219941348973,0.3936329483985901
683,1.0,0.4582723279648609,0.5417276720351392,0.345089316368103
